NO_OF_FRAMES	438
NO_OF_CAMERAS	10
NO_OF_MARKERS	5
FREQUENCY	100
NO_OF_ANALOG	0
ANALOG_FREQUENCY	0
DESCRIPTION	--
TIME_STAMP	2022-01-28, 16:08:24.823	197801.91540150
DATA_INCLUDED	3D
MARKER_NAMES	Shoulder	Elbow	Wrist	Pointer	Thumb
TRAJECTORY_TYPES	Measured	Measured	Measured	Measured	Mixed
Frame	Time	Shoulder X	Shoulder Y	Shoulder Z	Elbow X	Elbow Y	Elbow Z	Wrist X	Wrist Y	Wrist Z	Pointer X	Pointer Y	Pointer Z	Thumb X	Thumb Y	Thumb Z	
1	0.00000	1301.930	-511.781	1385.099	1366.733	-543.786	1082.889	1536.410	-415.225	935.844	1653.645	-367.188	876.053	1628.497	-352.699	876.525
2	0.01000	1304.641	-511.391	1384.975	1370.151	-542.570	1082.959	1539.772	-413.672	936.310	1656.726	-365.036	876.239	1631.543	-350.283	877.209
3	0.02000	1307.408	-510.893	1384.606	1373.594	-541.435	1082.890	1542.851	-412.351	936.083	1659.705	-362.816	876.289	1634.387	-348.262	877.303
4	0.03000	1310.106	-510.324	1384.299	1376.749	-540.678	1082.765	1546.115	-410.734	936.395	1662.232	-360.887	875.948	1636.529	-346.643	876.509
5	0.04000	1312.813	-509.711	1383.890	1380.108	-539.370	1082.956	1549.269	-409.202	936.353	1665.543	-358.266	876.376	1639.622	-344.172	877.286
6	0.05000	1315.546	-509.132	1383.627	1383.286	-538.508	1082.953	1552.258	-407.775	936.435	1668.332	-356.328	876.358	1642.237	-342.085	877.377
7	0.06000	1318.247	-508.654	1383.381	1386.559	-537.718	1082.899	1555.274	-406.356	936.522	1670.758	-354.324	876.184	1644.230	-341.170	876.398
8	0.07000	1320.934	-508.110	1383.243	1389.639	-536.582	1082.923	1558.396	-404.809	936.656	1673.919	-352.144	876.376	1647.484	-338.211	877.302
9	0.08000	1323.526	-507.587	1382.865	1392.748	-535.500	1082.802	1561.146	-403.513	936.615	1675.939	-350.305	875.724	1649.866	-336.994	877.078
10	0.09000	1326.264	-506.924	1382.553	1395.839	-534.528	1082.833	1563.999	-401.908	936.738	1679.104	-348.035	876.332	1653.048	-334.635	877.854
11	0.10000	1328.777	-506.526	1382.269	1398.883	-533.662	1082.793	1566.814	-400.884	936.608	1680.558	-346.865	875.316	1655.209	-332.943	877.437
12	0.11000	1331.345	-506.128	1381.959	1402.007	-532.877	1082.909	1569.606	-399.157	936.704	1682.473	-345.346	875.186	1656.832	-331.637	876.686
13	0.12000	1333.902	-505.408	1381.650	1404.861	-531.978	1082.934	1572.227	-397.935	936.689	1686.629	-342.313	876.554	1660.339	-328.780	878.051
14	0.13000	1336.436	-504.761	1381.339	1407.663	-530.810	1082.665	1574.979	-396.545	936.834	1688.272	-340.771	875.690	1661.788	-327.872	877.183
15	0.14000	1338.918	-504.273	1381.080	1410.463	-530.398	1082.672	1577.423	-395.062	936.612	1691.400	-338.658	876.427	1664.772	-325.533	878.015
16	0.15000	1341.378	-503.816	1380.837	1413.163	-529.159	1082.574	1580.167	-393.838	936.933	1692.977	-337.343	875.667	1666.739	-324.001	877.717
17	0.16000	1343.779	-503.221	1380.594	1415.919	-528.446	1082.681	1582.478	-392.483	936.891	1695.986	-335.091	876.758	1669.356	-321.880	878.307
18	0.17000	1346.210	-502.542	1380.232	1418.521	-527.536	1082.470	1584.859	-391.183	936.850	1697.470	-333.792	875.773	1670.452	-320.973	877.482
19	0.18000	1348.505	-502.075	1380.067	1421.035	-526.917	1082.427	1587.163	-390.011	936.917	1699.748	-331.889	875.854	1672.753	-319.027	877.539
20	0.19000	1350.719	-501.542	1379.845	1423.505	-526.014	1082.476	1589.391	-388.651	936.695	1701.263	-330.349	875.371	1673.775	-318.219	876.796
21	0.20000	1352.959	-501.052	1379.648	1425.827	-525.307	1082.518	1591.570	-387.682	936.884	1704.033	-328.525	876.063	1676.849	-315.859	878.115
22	0.21000	1355.043	-500.644	1379.316	1428.223	-524.281	1082.275	1593.711	-386.493	936.973	1705.704	-327.232	875.665	1678.538	-314.440	877.760
23	0.22000	1357.169	-500.180	1379.075	1430.382	-523.712	1082.213	1595.633	-385.362	936.750	1707.332	-326.101	875.518	1679.900	-313.534	877.892
24	0.23000	1359.197	-499.740	1378.844	1432.519	-523.071	1082.163	1597.600	-384.473	936.786	1709.393	-324.456	875.561	1681.547	-311.742	877.631
25	0.24000	1361.107	-499.378	1378.695	1434.545	-522.359	1082.071	1599.623	-383.524	936.878	1710.753	-323.573	875.338	1682.333	-311.039	876.998
26	0.25000	1363.056	-498.829	1378.394	1436.504	-521.866	1082.063	1601.221	-382.571	936.691	1713.572	-322.118	875.695	1684.091	-308.895	877.616
27	0.26000	1364.935	-498.463	1378.151	1438.456	-521.195	1081.982	1602.926	-381.700	936.631	1715.665	-321.531	875.549	1684.614	-306.918	878.161
28	0.27000	1366.748	-497.962	1377.921	1440.156	-520.774	1082.038	1604.594	-380.956	936.753	1719.935	-320.403	876.274	1685.462	-305.507	878.247
29	0.28000	1368.436	-497.496	1377.767	1441.864	-520.334	1081.988	1606.117	-380.214	936.785	1723.105	-319.657	876.969	1686.301	-304.300	878.072
30	0.29000	1370.206	-497.179	1377.540	1443.582	-519.866	1081.892	1607.725	-379.557	936.755	1725.875	-319.705	876.624	1686.881	-303.279	878.064
31	0.30000	1371.733	-496.923	1377.334	1445.070	-519.563	1081.740	1609.083	-379.069	936.684	1728.700	-318.954	877.096	1688.262	-301.468	879.657
32	0.31000	1373.336	-496.514	1377.214	1446.476	-519.409	1081.612	1610.397	-378.584	936.598	1730.760	-318.583	876.669	1688.542	-300.746	878.863
33	0.32000	1374.926	-496.169	1376.886	1447.843	-519.047	1081.401	1611.781	-378.115	936.612	1732.937	-318.016	877.050	1689.475	-299.800	879.696
34	0.33000	1376.467	-495.677	1376.568	1449.202	-518.711	1081.225	1613.042	-377.661	936.675	1735.311	-317.728	877.363	1689.813	-299.021	878.071
35	0.34000	1377.921	-495.472	1376.527	1450.380	-518.815	1081.239	1614.224	-377.324	936.726	1737.904	-318.276	877.375	1690.555	-297.656	878.801
36	0.35000	1379.263	-495.214	1376.352	1451.676	-518.668	1081.083	1615.319	-377.216	936.793	1740.588	-318.264	878.294	1690.841	-297.498	878.066
37	0.36000	1380.668	-494.978	1376.186	1452.733	-518.555	1080.952	1616.370	-376.905	936.588	1743.198	-318.650	879.031	1691.302	-296.689	877.967
38	0.37000	1381.892	-494.736	1376.014	1453.846	-518.306	1080.830	1617.456	-376.580	936.544	1745.695	-318.780	879.468	1691.703	-295.808	878.102
39	0.38000	1383.218	-494.531	1375.892	1454.880	-518.400	1080.771	1618.536	-376.301	936.728	1748.078	-319.069	879.535	1692.914	-295.095	879.614
40	0.39000	1384.397	-494.188	1375.674	1455.828	-518.434	1080.713	1619.338	-376.087	936.591	1750.361	-319.173	880.104	1692.142	-294.421	878.054
41	0.40000	1385.578	-494.097	1375.473	1456.812	-518.501	1080.705	1620.354	-376.012	936.863	1752.182	-319.305	880.210	1692.390	-293.662	878.027
42	0.41000	1386.809	-493.781	1375.223	1457.689	-518.602	1080.627	1621.333	-375.975	936.976	1754.143	-319.417	880.550	1692.056	-291.704	878.291
43	0.42000	1387.829	-493.669	1375.098	1458.580	-518.619	1080.491	1622.278	-375.896	937.080	1756.345	-318.861	880.713	1692.224	-291.163	878.344
44	0.43000	1388.916	-493.511	1375.078	1459.658	-518.446	1080.447	1623.247	-375.504	937.324	1758.668	-318.991	881.292	1692.467	-290.743	878.432
45	0.44000	1389.915	-493.362	1374.813	1460.685	-518.521	1080.166	1624.293	-375.463	937.589	1760.799	-318.884	881.641	1692.553	-289.906	878.550
46	0.45000	1390.833	-493.357	1374.699	1461.676	-518.636	1080.224	1625.243	-375.371	937.686	1762.921	-318.236	882.082	1692.815	-289.341	878.622
47	0.46000	1391.798	-493.247	1374.608	1462.596	-518.527	1080.403	1626.205	-375.200	937.736	1764.755	-317.868	882.416	1693.504	-289.028	878.755
48	0.47000	1392.665	-493.039	1374.462	1463.569	-518.678	1080.418	1627.075	-375.101	937.898	1766.464	-317.364	882.967	1693.975	-288.779	878.895
49	0.48000	1393.545	-492.955	1374.467	1464.610	-518.718	1080.508	1628.300	-374.969	938.531	1768.133	-316.198	883.620	1693.812	-287.721	878.401
50	0.49000	1394.409	-492.776	1374.313	1465.670	-518.743	1080.567	1629.351	-374.831	938.874	1769.391	-315.059	884.209	1693.902	-286.698	878.387
51	0.50000	1395.297	-492.593	1374.207	1466.715	-518.693	1080.762	1630.583	-374.519	939.348	1770.389	-313.324	884.650	1694.498	-286.357	878.636
52	0.51000	1396.127	-492.529	1374.098	1467.773	-518.658	1080.767	1631.728	-374.220	939.608	1771.062	-311.730	884.792	1694.845	-285.694	878.920
53	0.52000	1396.981	-492.401	1373.992	1468.995	-518.544	1080.801	1632.813	-374.066	939.837	1771.589	-310.230	884.679	1695.209	-285.215	879.068
54	0.53000	1397.754	-492.147	1373.741	1470.127	-518.401	1080.890	1633.810	-373.863	940.005	1772.442	-308.696	884.750	1695.660	-284.891	879.037
55	0.54000	1398.638	-492.009	1373.634	1471.265	-518.225	1080.927	1634.906	-373.452	940.163	1773.452	-307.605	885.201	1695.965	-284.098	878.960
56	0.55000	1399.535	-491.893	1373.555	1472.368	-518.267	1081.040	1636.008	-372.977	940.452	1774.227	-306.122	885.367	1696.221	-283.124	878.884
57	0.56000	1400.220	-491.769	1373.442	1473.436	-518.078	1081.054	1637.165	-372.694	940.818	1775.040	-304.753	885.884	1696.524	-282.253	878.855
58	0.57000	1401.143	-491.551	1373.306	1474.574	-518.061	1081.071	1638.124	-372.455	940.831	1775.533	-303.910	885.509	1696.970	-281.773	878.919
59	0.58000	1401.944	-491.431	1373.170	1475.517	-517.925	1081.058	1639.146	-372.224	940.968	1776.374	-302.428	885.751	1697.480	-281.463	878.964
60	0.59000	1402.698	-491.347	1373.010	1476.523	-517.759	1081.018	1640.156	-371.954	941.164	1776.617	-301.199	885.342	1697.985	-280.931	879.017
61	0.60000	1403.495	-491.090	1372.719	1477.509	-517.497	1080.860	1641.125	-371.483	941.329	1777.240	-300.087	885.424	1698.354	-280.325	879.356
62	0.61000	1404.294	-490.928	1372.563	1478.383	-517.297	1080.820	1642.175	-371.271	941.499	1777.365	-298.681	885.111	1698.985	-280.279	879.475
63	0.62000	1405.085	-490.934	1372.352	1479.149	-517.199	1080.768	1643.111	-371.078	941.681	1777.441	-297.603	884.869	1698.936	-279.253	879.260
64	0.63000	1405.810	-490.715	1372.092	1479.971	-517.175	1080.682	1643.991	-370.875	941.895	1777.618	-296.172	884.727	1698.949	-278.250	878.871
65	0.64000	1406.643	-490.380	1371.754	1480.722	-517.095	1080.588	1644.816	-370.765	941.981	1777.571	-295.147	884.456	1699.359	-278.082	878.900
66	0.65000	1407.340	-490.465	1371.638	1481.357	-517.015	1080.429	1645.659	-370.669	942.077	1777.608	-294.072	884.323	1699.750	-277.773	878.989
67	0.66000	1408.003	-490.400	1371.448	1482.073	-516.958	1080.309	1646.281	-370.551	942.081	1777.724	-292.864	884.218	1700.067	-277.455	879.137
68	0.67000	1408.613	-490.326	1371.173	1482.669	-517.021	1080.195	1646.934	-370.322	942.077	1777.737	-291.903	884.060	1700.315	-276.890	879.408
69	0.68000	1409.208	-490.241	1370.951	1483.212	-517.011	1080.106	1647.636	-370.001	942.171	1777.685	-291.045	884.066	1700.568	-276.816	879.443
70	0.69000	1409.834	-490.313	1370.811	1483.725	-516.898	1079.897	1648.233	-369.877	942.164	1777.453	-289.905	883.816	1700.779	-276.707	879.438
71	0.70000	1410.435	-490.222	1370.643	1484.094	-516.844	1079.730	1648.692	-369.909	942.144	1776.739	-288.972	883.301	1701.074	-276.672	879.399
72	0.71000	1411.002	-490.163	1370.429	1484.527	-516.757	1079.469	1649.172	-369.895	942.116	1775.618	-288.154	882.550	1701.213	-276.533	879.473
73	0.72000	1411.468	-490.122	1370.242	1484.882	-516.790	1079.323	1649.592	-369.864	942.097	1774.058	-287.087	881.382	1701.421	-276.366	879.480
74	0.73000	1411.982	-490.108	1369.995	1485.201	-516.863	1079.103	1649.990	-369.862	942.031	1773.272	-286.546	880.852	1701.606	-276.209	879.438
75	0.74000	1412.442	-490.082	1369.851	1485.486	-516.893	1078.903	1650.245	-369.839	941.969	1773.028	-286.241	880.674	1701.791	-276.160	879.511
76	0.75000	1412.854	-490.073	1369.745	1485.660	-517.009	1078.711	1650.508	-369.776	941.920	1772.571	-285.860	880.226	1701.869	-276.065	879.498
77	0.76000	1413.328	-490.065	1369.681	1485.791	-517.126	1078.530	1650.734	-369.849	941.926	1772.319	-285.711	879.929	1701.926	-276.010	879.480
78	0.77000	1413.669	-490.096	1369.574	1485.955	-517.137	1078.265	1650.938	-369.941	941.932	1772.081	-285.501	879.742	1702.052	-276.003	879.455
79	0.78000	1413.972	-490.042	1369.439	1486.026	-517.347	1078.053	1651.104	-370.032	941.926	1771.888	-285.276	879.625	1702.016	-275.943	879.448
80	0.79000	1414.240	-490.101	1369.230	1486.069	-517.397	1077.876	1651.242	-370.052	941.922	1771.616	-285.199	879.411	1701.962	-275.954	879.457
81	0.80000	1414.546	-490.035	1369.114	1486.097	-517.577	1077.833	1651.345	-370.201	941.913	1771.227	-285.135	879.044	1701.953	-275.985	879.424
82	0.81000	1414.776	-490.073	1369.037	1486.025	-517.694	1077.738	1651.360	-370.239	941.911	1770.902	-284.985	878.786	1701.907	-276.008	879.476
83	0.82000	1414.981	-490.132	1368.995	1485.990	-517.844	1077.573	1651.336	-370.280	941.906	1770.735	-285.024	878.683	1701.908	-276.006	879.476
84	0.83000	1415.136	-490.191	1368.929	1485.919	-517.956	1077.452	1651.275	-370.343	941.847	1770.591	-285.001	878.590	1701.934	-276.059	879.440
85	0.84000	1415.323	-490.302	1368.865	1485.927	-517.994	1077.391	1651.237	-370.397	941.829	1770.404	-284.926	878.579	1701.909	-276.122	879.443
86	0.85000	1415.458	-490.365	1368.822	1485.845	-518.248	1077.147	1651.222	-370.478	941.846	1770.210	-284.843	878.589	1701.873	-276.351	879.422
87	0.86000	1415.641	-490.349	1368.753	1485.685	-518.504	1077.123	1651.228	-370.614	941.826	1770.029	-284.749	878.548	1701.693	-276.370	879.496
88	0.87000	1415.679	-490.467	1368.736	1485.590	-518.636	1077.034	1651.265	-370.683	941.888	1769.950	-284.596	878.547	1701.642	-276.497	879.473
89	0.88000	1415.749	-490.506	1368.693	1485.531	-518.721	1076.899	1651.325	-370.732	941.982	1769.776	-284.521	878.490	1701.562	-276.556	879.475
90	0.89000	1415.869	-490.539	1368.694	1485.480	-518.813	1076.840	1651.375	-370.832	942.048	1769.554	-284.503	878.324	1701.534	-276.699	879.468
91	0.90000	1415.872	-490.572	1368.674	1485.467	-518.837	1076.735	1651.503	-370.919	942.194	1769.507	-284.406	878.272	1701.499	-276.695	879.481
92	0.91000	1415.860	-490.736	1368.774	1485.450	-518.920	1076.723	1651.614	-371.027	942.272	1769.369	-284.512	878.229	1701.501	-276.772	879.438
93	0.92000	1415.853	-490.855	1368.771	1485.486	-518.986	1076.751	1651.746	-371.066	942.359	1769.308	-284.453	878.199	1701.444	-276.826	879.456
94	0.93000	1415.848	-490.854	1368.796	1485.476	-518.986	1076.790	1651.850	-371.152	942.424	1769.308	-284.346	878.171	1701.464	-276.946	879.334
95	0.94000	1415.826	-490.911	1368.774	1485.489	-519.044	1076.805	1651.901	-371.154	942.478	1769.154	-284.387	878.053	1701.522	-277.043	879.366
96	0.95000	1415.796	-490.903	1368.769	1485.567	-519.055	1076.781	1651.944	-371.192	942.483	1769.028	-284.397	877.924	1701.501	-277.082	879.361
97	0.96000	1415.778	-490.980	1368.838	1485.540	-519.194	1076.950	1652.072	-371.205	942.598	1768.910	-284.358	877.848	1701.353	-276.977	879.341
98	0.97000	1415.779	-490.951	1368.889	1485.562	-519.181	1077.010	1652.042	-371.220	942.643	1768.804	-284.382	877.724	1701.339	-277.008	879.379
99	0.98000	1415.750	-490.898	1368.929	1485.518	-519.205	1077.001	1652.170	-371.286	942.729	1768.721	-284.388	877.754	1701.330	-277.095	879.365
100	0.99000	1415.719	-490.879	1368.927	1485.485	-519.257	1077.041	1652.278	-371.454	942.882	1768.607	-284.334	877.721	1701.230	-277.117	879.343
101	1.00000	1415.716	-490.911	1368.987	1485.434	-519.294	1077.040	1652.390	-371.545	943.035	1768.498	-284.318	877.692	1701.143	-277.165	879.302
102	1.01000	1415.642	-490.828	1368.976	1485.366	-519.328	1077.081	1652.489	-371.750	943.188	1768.356	-284.280	877.643	1701.025	-277.162	879.370
103	1.02000	1415.607	-490.735	1368.982	1485.274	-519.314	1077.141	1652.457	-372.011	943.246	1768.190	-284.280	877.588	1700.894	-277.235	879.309
104	1.03000	1415.519	-490.658	1369.007	1485.292	-519.343	1077.258	1652.481	-372.138	943.264	1768.078	-284.314	877.551	1700.816	-277.292	879.312
105	1.04000	1415.464	-490.691	1369.098	1485.218	-519.353	1077.357	1652.491	-372.225	943.353	1767.945	-284.279	877.537	1700.758	-277.348	879.330
106	1.05000	1415.253	-490.787	1369.261	1485.174	-519.405	1077.421	1652.519	-372.289	943.458	1767.863	-284.329	877.594	1700.681	-277.347	879.313
107	1.06000	1415.149	-490.702	1369.349	1485.136	-519.390	1077.542	1652.562	-372.377	943.523	1767.659	-284.418	877.500	1700.558	-277.391	879.285
108	1.07000	1414.944	-490.711	1369.399	1485.075	-519.360	1077.643	1652.685	-372.524	943.711	1767.527	-284.374	877.466	1700.430	-277.380	879.309
109	1.08000	1414.823	-490.623	1369.520	1485.070	-519.362	1077.752	1652.671	-372.472	943.669	1767.415	-284.381	877.441	1700.364	-277.465	879.294
110	1.09000	1414.658	-490.582	1369.614	1485.044	-519.280	1077.927	1652.783	-372.637	943.883	1767.318	-284.359	877.408	1700.244	-277.526	879.267
111	1.10000	1414.481	-490.535	1369.756	1485.033	-519.206	1078.125	1652.714	-372.812	943.894	1767.166	-284.354	877.323	1700.187	-277.620	879.294
112	1.11000	1414.260	-490.518	1369.896	1485.007	-519.171	1078.348	1652.780	-372.834	943.993	1767.076	-284.400	877.345	1700.064	-277.663	879.267
113	1.12000	1413.999	-490.456	1369.993	1485.013	-519.053	1078.565	1652.965	-373.014	944.151	1767.018	-284.412	877.347	1700.000	-277.766	879.251
114	1.13000	1413.797	-490.463	1370.086	1485.067	-518.923	1078.722	1653.051	-373.024	944.319	1766.995	-284.395	877.341	1699.930	-277.700	879.258
115	1.14000	1413.549	-490.426	1370.261	1485.171	-518.877	1078.901	1653.117	-373.013	944.392	1766.855	-284.391	877.339	1699.872	-277.774	879.286
116	1.15000	1413.347	-490.235	1370.500	1485.221	-518.858	1079.110	1653.146	-373.063	944.475	1766.772	-284.370	877.397	1699.893	-277.849	879.320
117	1.16000	1413.140	-490.119	1370.609	1485.306	-518.914	1079.388	1653.250	-373.131	944.563	1766.691	-284.385	877.460	1699.675	-277.771	879.336
118	1.17000	1412.896	-490.011	1370.777	1485.433	-518.780	1079.698	1653.273	-373.203	944.619	1766.573	-284.416	877.540	1699.643	-277.858	879.381
119	1.18000	1412.630	-489.952	1370.981	1485.586	-518.794	1079.926	1653.317	-373.300	944.648	1766.436	-284.448	877.734	1699.544	-277.856	879.463
120	1.19000	1412.327	-489.768	1371.192	1485.764	-518.848	1080.248	1653.320	-373.515	944.631	1766.475	-284.501	878.274	1700.280	-279.224	880.003
121	1.20000	1411.918	-489.636	1371.371	1485.924	-518.951	1080.552	1653.281	-373.601	944.664	1766.267	-284.506	878.744	1700.157	-279.491	880.075
122	1.21000	1411.462	-489.485	1371.571	1486.062	-519.072	1080.898	1653.217	-373.774	944.769	1766.218	-284.557	879.498	1700.190	-279.486	880.232
123	1.22000	1411.096	-489.390	1371.821	1486.259	-519.209	1081.279	1653.185	-373.976	944.883	1766.127	-284.576	880.344	1700.218	-279.764	880.340
124	1.23000	1410.622	-489.279	1371.992	1486.371	-519.304	1081.728	1653.173	-374.212	945.204	1766.201	-284.589	881.500	1700.233	-279.903	880.406
125	1.24000	1410.205	-489.050	1372.277	1486.383	-519.531	1082.105	1653.141	-374.371	945.639	1765.988	-284.816	882.179	1700.418	-280.064	880.571
126	1.25000	1409.683	-488.984	1372.459	1486.278	-519.933	1082.612	1653.115	-374.426	946.342	1766.032	-284.898	883.167	1700.561	-280.211	880.799
127	1.26000	1409.072	-488.752	1372.695	1486.034	-520.430	1083.095	1653.080	-374.522	947.075	1766.309	-285.257	884.446	1700.773	-280.397	881.092
128	1.27000	1408.511	-488.705	1372.940	1485.837	-520.653	1083.389	1653.179	-374.756	948.111	1766.258	-285.221	885.732	1700.925	-279.991	882.189
129	1.28000	1407.937	-488.774	1373.289	1485.427	-520.986	1083.762	1653.253	-374.909	949.371	1766.374	-285.360	887.249	1700.762	-280.234	883.942
130	1.29000	1407.260	-488.726	1373.578	1484.909	-521.296	1084.119	1653.166	-375.088	950.739	1766.627	-285.452	889.430	1700.616	-280.638	886.058
131	1.30000	1406.515	-488.715	1373.914	1484.365	-521.671	1084.560	1654.048	-374.805	953.386	1766.936	-285.722	891.878	1700.817	-280.716	888.242
132	1.31000	1405.677	-488.854	1374.245	1483.769	-521.967	1085.023	1653.329	-375.415	954.127	1767.311	-286.391	893.490	1701.697	-279.978	890.199
133	1.32000	1404.800	-489.076	1374.714	1483.034	-522.469	1085.503	1654.098	-375.247	956.790	1767.803	-286.593	895.760	1701.943	-280.716	893.272
134	1.33000	1403.907	-489.089	1374.925	1482.358	-522.939	1086.058	1654.102	-375.034	959.204	1768.445	-286.872	898.688	1702.345	-280.685	896.253
135	1.34000	1402.815	-489.148	1375.347	1481.638	-523.500	1086.730	1654.227	-375.653	961.072	1768.947	-287.131	901.345	1703.080	-280.420	899.077
136	1.35000	1402.007	-489.330	1375.795	1480.943	-524.011	1087.359	1654.422	-375.556	963.710	1769.650	-287.386	904.243	1703.648	-280.406	902.256
137	1.36000	1400.880	-489.394	1376.215	1480.380	-524.365	1088.143	1654.695	-375.707	966.415	1770.178	-287.507	907.189	1704.415	-279.955	905.134
138	1.37000	1399.813	-489.519	1376.596	1479.801	-524.911	1088.886	1654.949	-375.841	969.174	1770.714	-287.504	910.330	1704.852	-279.954	908.721
139	1.38000	1398.779	-489.597	1377.151	1479.058	-525.793	1089.997	1655.240	-375.797	972.133	1771.199	-287.409	913.756	1705.468	-279.745	912.264
140	1.39000	1397.518	-489.909	1377.584	1478.531	-526.372	1090.853	1655.528	-375.934	975.318	1771.776	-287.337	917.575	1705.855	-279.591	916.201
141	1.40000	1396.471	-490.008	1378.113	1478.029	-527.021	1091.781	1655.798	-376.019	978.699	1772.245	-286.985	921.616	1706.198	-279.351	920.574
142	1.41000	1395.272	-490.225	1378.632	1477.449	-527.748	1092.879	1656.129	-376.204	982.003	1772.658	-286.635	925.665	1706.736	-279.045	924.594
143	1.42000	1393.945	-490.407	1379.261	1476.971	-528.618	1093.940	1656.432	-376.308	985.543	1773.418	-286.476	930.034	1707.453	-278.539	928.249
144	1.43000	1392.816	-490.564	1379.819	1476.478	-529.366	1094.791	1656.690	-376.435	989.142	1773.822	-286.056	934.208	1708.016	-278.525	932.273
145	1.44000	1391.548	-490.629	1380.321	1475.879	-530.452	1096.093	1657.014	-376.642	993.048	1774.200	-285.847	938.557	1708.478	-278.202	936.821
146	1.45000	1390.306	-490.944	1381.025	1475.451	-531.365	1097.208	1657.325	-376.820	996.846	1774.882	-285.624	943.334	1709.307	-277.754	940.634
147	1.46000	1388.959	-491.087	1381.637	1474.937	-532.295	1098.357	1657.520	-377.124	1000.706	1775.285	-285.453	948.135	1709.481	-277.987	945.549
148	1.47000	1387.699	-491.162	1382.287	1474.460	-533.261	1099.783	1657.747	-377.561	1004.981	1775.752	-285.305	952.886	1709.956	-277.777	950.551
149	1.48000	1386.353	-491.274	1382.880	1474.006	-534.207	1100.895	1657.979	-377.868	1009.247	1776.306	-285.208	958.328	1710.900	-277.296	954.841
150	1.49000	1384.925	-491.473	1383.527	1473.480	-535.120	1102.280	1658.130	-378.054	1013.338	1776.650	-285.128	963.444	1710.776	-277.820	960.983
151	1.50000	1383.529	-491.706	1384.207	1472.962	-536.246	1103.672	1658.268	-378.384	1017.671	1777.150	-285.143	968.823	1711.228	-277.844	966.420
152	1.51000	1382.029	-491.848	1384.923	1472.434	-537.001	1105.063	1658.532	-378.550	1022.252	1777.694	-285.050	974.419	1712.050	-277.462	971.037
153	1.52000	1380.750	-491.978	1385.519	1471.867	-538.195	1106.422	1658.615	-378.806	1026.701	1778.069	-284.938	980.014	1712.638	-276.955	976.294
154	1.53000	1379.100	-492.148	1386.197	1471.310	-539.103	1107.751	1658.505	-379.511	1031.317	1778.480	-285.040	985.553	1713.162	-276.975	981.388
155	1.54000	1377.585	-492.419	1386.969	1470.665	-540.085	1109.343	1658.532	-379.727	1035.980	1778.814	-285.116	991.355	1713.276	-277.072	987.394
156	1.55000	1376.089	-492.521	1387.533	1470.098	-540.976	1110.888	1658.663	-380.042	1040.715	1778.917	-285.342	996.983	1713.460	-277.202	993.003
157	1.56000	1374.468	-492.891	1388.354	1469.579	-541.795	1112.386	1658.637	-380.452	1045.221	1779.215	-285.181	1002.734	1713.651	-277.457	998.487
158	1.57000	1372.831	-493.093	1389.032	1468.972	-542.694	1113.850	1658.475	-380.880	1049.884	1779.394	-285.442	1008.503	1714.397	-276.916	1003.399
159	1.58000	1371.222	-493.373	1389.683	1468.375	-543.624	1115.206	1658.503	-381.085	1054.822	1779.762	-285.074	1014.590	1714.557	-277.129	1008.969
160	1.59000	1369.682	-493.509	1390.220	1467.746	-544.321	1116.738	1658.235	-381.746	1059.608	1779.985	-285.124	1020.572	1714.592	-277.388	1014.746
161	1.60000	1367.955	-493.740	1390.918	1467.085	-545.265	1118.271	1658.082	-381.930	1064.526	1780.054	-285.163	1026.258	1714.961	-276.988	1020.278
162	1.61000	1366.400	-493.918	1391.602	1466.411	-545.950	1119.687	1657.946	-382.406	1069.266	1780.005	-285.375	1032.129	1714.667	-277.501	1026.681
163	1.62000	1364.689	-494.073	1392.144	1465.753	-546.877	1121.047	1657.640	-383.167	1074.135	1780.139	-285.736	1038.110	1714.854	-277.519	1032.069
164	1.63000	1363.152	-494.298	1392.753	1465.158	-547.530	1122.467	1657.347	-383.485	1079.112	1779.950	-285.747	1043.821	1715.131	-277.340	1037.347
165	1.64000	1361.479	-494.356	1393.263	1464.409	-548.294	1124.062	1657.185	-383.888	1083.603	1780.008	-285.946	1049.733	1714.683	-278.080	1043.552
166	1.65000	1359.856	-494.519	1393.908	1463.796	-548.932	1125.560	1656.785	-384.583	1088.342	1780.070	-286.223	1055.610	1714.997	-278.251	1048.263
167	1.66000	1358.230	-494.777	1394.491	1463.201	-549.636	1126.856	1656.381	-385.036	1093.101	1780.097	-286.599	1061.063	1715.218	-278.073	1053.385
168	1.67000	1356.472	-494.842	1395.065	1462.549	-550.350	1128.495	1656.162	-385.638	1097.592	1780.022	-286.847	1066.499	1714.714	-279.300	1058.957
169	1.68000	1355.021	-494.977	1395.668	1462.014	-550.845	1130.035	1655.804	-386.181	1101.974	1779.819	-287.325	1071.889	1714.789	-279.297	1064.071
170	1.69000	1353.262	-495.054	1396.282	1461.473	-551.507	1131.507	1655.289	-386.933	1106.550	1779.492	-287.452	1077.115	1714.855	-279.355	1068.745
171	1.70000	1351.723	-495.140	1396.938	1460.941	-552.025	1132.912	1655.098	-387.356	1111.065	1779.322	-287.899	1082.360	1714.761	-279.280	1074.021
172	1.71000	1350.218	-495.147	1397.539	1460.341	-552.813	1134.663	1654.680	-387.923	1115.506	1779.044	-287.985	1087.611	1714.010	-280.372	1079.586
173	1.72000	1348.520	-495.265	1398.166	1459.817	-553.139	1136.133	1654.358	-388.522	1119.844	1778.721	-288.305	1092.592	1713.915	-280.204	1084.609
174	1.73000	1347.101	-495.270	1398.779	1459.316	-553.693	1137.508	1653.771	-389.355	1124.091	1778.450	-288.609	1097.606	1713.824	-280.335	1089.068
175	1.74000	1345.452	-495.416	1399.501	1458.836	-554.158	1139.032	1653.436	-389.667	1128.100	1778.177	-289.110	1102.500	1713.439	-280.664	1094.092
176	1.75000	1344.014	-495.300	1400.175	1458.287	-554.742	1140.662	1652.945	-390.108	1132.207	1777.849	-289.375	1107.184	1712.820	-281.458	1098.987
177	1.76000	1342.472	-495.264	1400.651	1457.777	-555.277	1142.059	1652.435	-390.776	1136.324	1777.497	-289.695	1111.620	1712.646	-281.715	1103.172
178	1.77000	1341.102	-495.210	1401.175	1457.343	-555.585	1143.502	1651.976	-391.075	1140.250	1777.122	-289.950	1115.927	1712.320	-282.054	1107.114
179	1.78000	1339.458	-495.380	1401.860	1456.826	-556.031	1145.064	1651.549	-391.632	1144.061	1776.838	-290.415	1120.252	1711.748	-282.218	1111.627
180	1.79000	1338.059	-495.227	1402.407	1456.440	-556.461	1146.450	1650.975	-392.161	1147.850	1776.195	-290.396	1123.955	1711.434	-282.390	1115.537
181	1.80000	1336.563	-495.189	1403.030	1456.014	-556.775	1147.969	1650.534	-392.679	1151.518	1775.750	-290.776	1128.010	1710.891	-282.747	1119.282
182	1.81000	1335.111	-495.212	1403.557	1455.639	-557.116	1149.320	1650.125	-393.029	1155.010	1775.203	-291.002	1131.774	1710.375	-283.094	1123.150
183	1.82000	1333.826	-495.124	1403.993	1455.318	-557.417	1150.632	1649.674	-393.495	1158.476	1774.778	-291.390	1135.612	1709.869	-283.415	1126.789
184	1.83000	1332.416	-495.029	1404.448	1454.877	-557.755	1152.058	1649.190	-393.889	1161.836	1774.234	-291.455	1139.206	1709.469	-283.537	1130.351
185	1.84000	1331.064	-494.941	1405.097	1454.522	-558.004	1153.240	1648.644	-394.291	1165.030	1773.891	-291.525	1142.822	1708.819	-284.130	1134.044
186	1.85000	1329.624	-494.978	1405.556	1454.058	-558.341	1154.645	1648.197	-394.686	1168.138	1773.550	-291.928	1146.379	1708.572	-284.055	1137.257
187	1.86000	1328.463	-494.917	1405.997	1453.704	-558.546	1155.836	1647.708	-395.047	1170.984	1773.010	-292.090	1150.042	1708.426	-283.847	1140.304
188	1.87000	1327.161	-494.759	1406.465	1453.334	-558.780	1156.951	1647.198	-395.425	1173.791	1772.544	-292.246	1152.987	1708.080	-284.039	1143.500
189	1.88000	1326.035	-494.512	1406.822	1452.998	-558.905	1158.213	1646.771	-395.729	1176.666	1772.285	-292.556	1156.191	1707.393	-284.492	1146.963
190	1.89000	1324.788	-494.358	1407.198	1452.649	-559.020	1159.283	1646.350	-396.054	1179.379	1771.674	-292.621	1159.011	1706.834	-284.851	1150.202
191	1.90000	1323.661	-494.251	1407.562	1452.405	-559.117	1160.282	1645.890	-396.233	1182.068	1771.390	-292.930	1162.143	1705.848	-285.794	1153.752
192	1.91000	1322.576	-494.109	1407.884	1452.039	-559.198	1161.424	1645.563	-396.484	1184.284	1771.016	-292.947	1164.965	1706.354	-284.701	1155.525
193	1.92000	1321.394	-494.029	1408.171	1451.712	-559.288	1162.502	1645.142	-396.785	1186.804	1770.648	-293.097	1167.584	1705.751	-285.216	1158.447
194	1.93000	1320.422	-493.825	1408.458	1451.479	-559.140	1163.362	1644.809	-396.953	1189.170	1770.217	-293.197	1170.166	1704.755	-286.560	1161.445
195	1.94000	1319.393	-493.589	1408.927	1451.138	-559.337	1164.355	1644.421	-397.106	1191.282	1770.133	-293.328	1172.838	1705.373	-285.396	1162.859
196	1.95000	1318.461	-493.438	1409.238	1450.946	-559.231	1165.309	1644.032	-397.464	1193.514	1769.708	-293.344	1175.086	1704.529	-286.184	1165.802
197	1.96000	1317.526	-493.215	1409.455	1450.659	-559.298	1166.189	1643.680	-397.426	1195.615	1769.624	-293.564	1177.377	1704.984	-285.488	1166.843
198	1.97000	1316.502	-493.168	1409.769	1450.437	-559.404	1167.007	1643.442	-397.819	1197.366	1769.139	-293.394	1179.550	1704.355	-286.019	1169.349
199	1.98000	1315.680	-493.005	1410.043	1450.324	-559.154	1167.738	1643.252	-397.715	1199.161	1768.951	-293.623	1181.395	1704.373	-285.835	1170.694
200	1.99000	1314.711	-492.950	1410.315	1450.010	-559.248	1168.654	1643.036	-397.882	1200.697	1768.724	-293.618	1183.197	1703.729	-286.360	1173.075
201	2.00000	1314.021	-492.567	1410.545	1449.855	-559.126	1169.336	1642.882	-397.907	1202.460	1768.450	-293.629	1184.773	1703.883	-286.071	1174.399
202	2.01000	1313.268	-492.369	1410.900	1449.709	-559.109	1170.081	1642.673	-398.193	1203.854	1768.418	-293.855	1186.450	1702.566	-287.602	1177.179
203	2.02000	1312.507	-492.235	1411.105	1449.569	-558.950	1170.733	1642.605	-398.122	1205.372	1768.260	-293.756	1187.778	1703.450	-286.510	1177.263
204	2.03000	1311.758	-492.096	1411.328	1449.506	-558.620	1171.295	1642.472	-398.305	1206.531	1768.090	-293.725	1188.997	1703.551	-286.163	1178.443
205	2.04000	1311.128	-492.100	1411.543	1449.273	-558.695	1172.006	1642.360	-398.469	1207.666	1768.105	-293.877	1190.182	1703.762	-286.139	1179.186
206	2.05000	1310.486	-491.895	1411.737	1449.174	-558.635	1172.545	1642.363	-398.275	1208.611	1768.243	-293.979	1191.377	1702.752	-287.725	1181.116
207	2.06000	1309.878	-491.746	1411.856	1449.064	-558.517	1173.095	1642.329	-398.433	1209.526	1768.220	-294.016	1192.291	1703.556	-286.639	1181.364
208	2.07000	1309.326	-491.447	1412.121	1449.047	-558.175	1173.463	1642.253	-398.630	1210.300	1768.106	-294.121	1193.033	1703.575	-286.518	1182.077
209	2.08000	1308.898	-491.316	1412.284	1448.942	-558.047	1173.977	1642.245	-398.696	1211.028	1768.119	-294.101	1193.805	1703.711	-286.488	1182.592
210	2.09000	1308.403	-491.236	1412.416	1448.843	-557.975	1174.329	1642.230	-398.702	1211.953	1768.100	-294.044	1194.516	1703.585	-286.743	1183.290
211	2.10000	1307.951	-491.075	1412.486	1448.729	-557.954	1174.558	1642.175	-398.754	1212.518	1768.038	-293.987	1195.063	1703.188	-287.346	1184.150
212	2.11000	1307.495	-490.981	1412.532	1448.598	-557.868	1174.806	1642.121	-398.898	1212.994	1768.102	-294.142	1195.792	1703.252	-287.231	1184.709
213	2.12000	1307.033	-490.860	1412.625	1448.412	-557.886	1175.320	1642.081	-398.981	1213.431	1767.952	-294.122	1196.204	1703.277	-287.057	1185.216
214	2.13000	1306.729	-490.766	1412.741	1448.282	-557.720	1175.546	1642.061	-399.039	1213.826	1767.875	-294.151	1196.531	1703.334	-287.029	1185.536
215	2.14000	1306.415	-490.655	1412.782	1448.135	-557.736	1175.835	1641.996	-399.027	1214.170	1767.883	-294.429	1197.094	1703.386	-287.048	1185.793
216	2.15000	1306.027	-490.599	1412.812	1447.940	-557.658	1176.040	1641.926	-398.973	1214.525	1767.907	-294.334	1197.542	1703.328	-287.111	1186.001
217	2.16000	1305.747	-490.437	1412.803	1447.815	-557.615	1176.221	1641.840	-399.017	1214.894	1767.701	-294.436	1197.690	1703.244	-287.147	1186.082
218	2.17000	1305.420	-490.349	1412.800	1447.690	-557.512	1176.357	1641.749	-398.990	1215.268	1767.569	-294.459	1197.924	1703.155	-287.137	1186.175
219	2.18000	1305.145	-490.321	1412.806	1447.632	-557.291	1176.410	1641.632	-399.063	1215.513	1767.465	-294.390	1198.196	1702.827	-287.438	1186.549
220	2.19000	1304.886	-490.265	1412.790	1447.477	-557.273	1176.531	1641.536	-399.169	1215.782	1767.243	-294.312	1198.616	1702.386	-287.891	1187.055
221	2.20000	1304.653	-490.276	1412.802	1447.331	-557.274	1176.623	1641.461	-399.226	1216.005	1767.149	-294.316	1198.802	1701.956	-288.337	1187.546
222	2.21000	1304.400	-490.343	1412.918	1447.202	-557.240	1176.699	1641.332	-399.295	1216.180	1767.009	-294.265	1198.938	1701.664	-288.619	1187.871
223	2.22000	1304.153	-490.398	1412.925	1447.114	-557.257	1176.805	1641.235	-399.300	1216.328	1766.992	-294.353	1198.770	1701.634	-288.577	1187.885
224	2.23000	1303.869	-490.428	1412.984	1446.993	-557.223	1176.863	1641.142	-399.374	1216.486	1766.882	-294.345	1198.823	1701.394	-288.695	1188.070
225	2.24000	1303.627	-490.379	1412.998	1446.864	-557.236	1176.888	1641.026	-399.400	1216.680	1766.752	-294.349	1198.864	1701.435	-288.585	1188.076
226	2.25000	1303.400	-490.393	1413.006	1446.669	-557.390	1177.088	1640.961	-399.427	1216.804	1766.703	-294.303	1198.999	1701.202	-288.742	1188.202
227	2.26000	1303.148	-490.370	1413.049	1446.599	-557.392	1177.172	1640.909	-399.452	1216.978	1766.509	-294.294	1199.006	1701.165	-288.661	1188.275
228	2.27000	1302.962	-490.387	1413.033	1446.512	-557.379	1177.214	1640.811	-399.483	1217.106	1766.384	-294.259	1199.123	1701.607	-287.920	1187.672
229	2.28000	1302.743	-490.415	1413.018	1446.398	-557.310	1177.300	1640.727	-399.520	1217.252	1766.231	-294.184	1199.196	1701.490	-287.975	1187.808
230	2.29000	1302.565	-490.397	1413.036	1446.305	-557.338	1177.421	1640.683	-399.543	1217.438	1766.077	-294.238	1199.305	1701.318	-287.886	1188.007
231	2.30000	1302.350	-490.382	1413.045	1446.192	-557.398	1177.562	1640.577	-399.667	1217.588	1765.958	-294.232	1199.355	1701.206	-287.906	1188.155
232	2.31000	1302.234	-490.365	1413.070	1446.135	-557.399	1177.726	1640.521	-399.624	1217.796	1765.820	-294.276	1199.413	1701.133	-287.950	1188.187
233	2.32000	1302.085	-490.433	1413.092	1446.085	-557.460	1177.795	1640.473	-399.604	1217.980	1765.684	-294.332	1199.485	1700.972	-287.983	1188.262
234	2.33000	1301.944	-490.402	1413.128	1446.015	-557.458	1177.881	1640.410	-399.646	1218.133	1765.635	-294.349	1199.546	1700.933	-288.062	1188.364
235	2.34000	1301.809	-490.456	1413.142	1445.959	-557.509	1177.988	1640.377	-399.665	1218.299	1765.575	-294.425	1199.690	1700.865	-288.106	1188.398
236	2.35000	1301.627	-490.467	1413.168	1445.919	-557.559	1178.158	1640.311	-399.639	1218.534	1765.507	-294.455	1199.766	1700.846	-288.129	1188.421
237	2.36000	1301.469	-490.471	1413.175	1445.826	-557.535	1178.230	1640.275	-399.699	1218.781	1765.446	-294.503	1199.895	1700.790	-288.154	1188.436
238	2.37000	1301.318	-490.517	1413.280	1445.849	-557.595	1178.414	1640.222	-399.756	1219.019	1765.443	-294.581	1200.040	1700.741	-288.143	1188.560
239	2.38000	1301.148	-490.563	1413.299	1445.810	-557.622	1178.501	1640.190	-399.815	1219.195	1765.396	-294.634	1200.115	1700.733	-288.212	1188.619
240	2.39000	1301.060	-490.570	1413.295	1445.763	-557.658	1178.602	1640.132	-399.916	1219.337	1765.407	-294.659	1200.345	1700.796	-288.263	1188.622
241	2.40000	1300.915	-490.607	1413.393	1445.762	-557.664	1178.706	1640.121	-399.964	1219.514	1765.385	-294.713	1200.458	1700.852	-288.270	1188.760
242	2.41000	1300.809	-490.661	1413.440	1445.702	-557.703	1178.834	1640.119	-400.110	1219.684	1765.404	-294.737	1200.654	1700.880	-288.319	1188.850
243	2.42000	1300.729	-490.660	1413.470	1445.730	-557.749	1178.923	1640.082	-400.218	1219.852	1765.410	-294.866	1200.809	1700.908	-288.369	1188.942
244	2.43000	1300.648	-490.744	1413.509	1445.713	-557.773	1178.947	1640.079	-400.278	1220.001	1765.461	-294.953	1200.966	1700.937	-288.442	1189.010
245	2.44000	1300.537	-490.831	1413.535	1445.690	-557.859	1179.030	1640.132	-400.374	1220.146	1765.506	-295.078	1201.117	1700.921	-288.525	1189.176
246	2.45000	1300.454	-490.932	1413.602	1445.714	-557.881	1179.047	1640.161	-400.454	1220.272	1765.516	-295.157	1201.218	1700.938	-288.540	1189.425
247	2.46000	1300.415	-491.017	1413.630	1445.682	-557.926	1179.097	1640.204	-400.540	1220.360	1765.555	-295.247	1201.374	1700.013	-290.039	1190.691
248	2.47000	1300.356	-491.065	1413.661	1445.717	-557.987	1179.149	1640.222	-400.595	1220.456	1765.571	-295.346	1201.525	1700.127	-289.999	1190.754
249	2.48000	1300.289	-491.151	1413.657	1445.698	-558.019	1179.173	1640.237	-400.657	1220.555	1765.584	-295.511	1201.649	1700.683	-289.350	1190.221
250	2.49000	1300.242	-491.253	1413.713	1445.707	-558.081	1179.184	1640.203	-400.869	1220.711	1765.560	-295.611	1201.702	1700.743	-289.434	1190.303
251	2.50000	1300.210	-491.351	1413.715	1445.660	-558.145	1179.148	1640.177	-400.976	1220.794	1765.579	-295.705	1201.778	1700.734	-289.506	1190.365
252	2.51000	1300.170	-491.472	1413.718	1445.619	-558.266	1179.145	1640.132	-401.173	1220.935	1765.580	-295.775	1201.860	1700.745	-289.622	1190.407
253	2.52000	1300.118	-491.630	1413.729	1445.598	-558.359	1179.098	1640.096	-401.363	1221.001	1765.533	-295.814	1201.880	1700.658	-289.772	1190.481
254	2.53000	1300.065	-491.793	1413.722	1445.584	-558.394	1179.109	1640.079	-401.447	1221.068	1765.462	-295.870	1201.927	1700.552	-289.914	1190.586
255	2.54000	1300.029	-491.832	1413.693	1445.545	-558.469	1179.041	1640.062	-401.548	1221.108	1765.384	-295.926	1201.914	1700.557	-289.936	1190.559
256	2.55000	1300.011	-491.955	1413.636	1445.506	-558.555	1178.945	1640.019	-401.645	1221.106	1765.325	-295.991	1201.941	1700.525	-289.981	1190.596
257	2.56000	1300.020	-492.080	1413.588	1445.502	-558.648	1178.852	1640.000	-401.744	1221.147	1765.203	-296.028	1201.940	1700.418	-290.075	1190.585
258	2.57000	1300.010	-492.164	1413.528	1445.454	-558.854	1178.668	1639.968	-401.887	1221.098	1765.084	-296.131	1201.978	1700.376	-290.077	1190.584
259	2.58000	1299.946	-492.329	1413.544	1445.429	-558.898	1178.590	1639.918	-402.024	1221.074	1764.964	-296.201	1201.985	1700.305	-290.224	1190.435
260	2.59000	1299.933	-492.458	1413.468	1445.335	-558.928	1178.517	1639.862	-402.120	1221.023	1764.852	-296.380	1202.337	1700.221	-290.284	1190.384
261	2.60000	1299.913	-492.564	1413.420	1445.284	-558.912	1178.363	1639.831	-402.209	1221.025	1764.712	-296.386	1202.291	1700.108	-290.297	1190.347
262	2.61000	1299.911	-492.649	1413.336	1445.199	-558.923	1178.270	1639.750	-402.339	1220.875	1764.513	-296.401	1202.039	1699.993	-290.398	1190.250
263	2.62000	1299.887	-492.775	1413.290	1445.194	-558.905	1178.200	1639.790	-402.439	1220.855	1764.471	-296.424	1201.961	1699.874	-290.501	1190.056
264	2.63000	1299.860	-492.891	1413.253	1445.165	-559.003	1178.075	1639.711	-402.723	1220.523	1764.407	-296.458	1201.885	1699.777	-290.605	1190.007
265	2.64000	1299.846	-492.981	1413.194	1445.059	-559.095	1177.956	1639.707	-402.822	1220.433	1764.351	-296.513	1201.417	1699.725	-290.617	1189.921
266	2.65000	1299.882	-493.088	1413.075	1445.047	-559.046	1177.833	1639.689	-402.910	1220.345	1764.307	-296.512	1201.281	1699.587	-290.693	1189.880
267	2.66000	1299.857	-493.215	1413.019	1444.991	-559.111	1177.709	1639.664	-402.986	1220.232	1764.242	-296.521	1201.118	1699.515	-290.696	1189.730
268	2.67000	1299.860	-493.275	1412.937	1444.844	-559.226	1177.606	1639.665	-403.008	1220.109	1764.199	-296.575	1201.005	1699.491	-290.722	1189.651
269	2.68000	1299.883	-493.412	1412.815	1444.832	-559.237	1177.521	1639.685	-403.071	1219.981	1764.218	-296.585	1200.836	1699.354	-290.794	1189.517
270	2.69000	1299.881	-493.468	1412.768	1444.763	-559.248	1177.387	1639.721	-403.079	1219.908	1764.063	-296.698	1200.551	1699.293	-290.855	1189.497
271	2.70000	1299.875	-493.543	1412.702	1444.721	-559.200	1177.238	1639.758	-403.116	1219.784	1764.173	-296.705	1200.445	1699.191	-290.938	1189.452
272	2.71000	1299.881	-493.609	1412.625	1444.683	-559.237	1177.099	1639.816	-403.131	1219.600	1764.182	-296.680	1200.339	1699.120	-290.983	1189.388
273	2.72000	1299.907	-493.669	1412.594	1444.669	-559.211	1177.053	1639.842	-403.120	1219.472	1764.199	-296.626	1200.179	1699.131	-290.986	1189.234
274	2.73000	1299.960	-493.771	1412.520	1444.647	-559.267	1176.849	1639.882	-403.157	1219.335	1764.091	-296.763	1199.815	1699.077	-291.037	1189.108
275	2.74000	1299.965	-493.802	1412.495	1444.633	-559.262	1176.786	1639.907	-403.157	1219.215	1764.163	-296.754	1199.625	1699.039	-291.086	1189.051
276	2.75000	1300.012	-493.856	1412.417	1444.622	-559.290	1176.678	1639.939	-403.185	1219.093	1764.197	-296.681	1199.356	1699.041	-291.161	1188.972
277	2.76000	1300.070	-493.917	1412.385	1444.609	-559.238	1176.485	1639.981	-403.211	1218.970	1764.228	-296.724	1199.252	1699.024	-291.153	1188.916
278	2.77000	1300.085	-494.017	1412.341	1444.594	-559.317	1176.408	1640.013	-403.241	1218.855	1764.221	-296.714	1199.114	1699.019	-291.209	1188.868
279	2.78000	1300.137	-494.044	1412.287	1444.573	-559.359	1176.317	1639.945	-403.363	1218.784	1764.207	-296.754	1199.074	1698.986	-291.198	1188.849
280	2.79000	1300.181	-494.127	1412.279	1444.574	-559.365	1176.196	1639.967	-403.512	1218.420	1764.202	-296.766	1198.982	1698.927	-291.248	1188.758
281	2.80000	1300.263	-494.163	1412.221	1444.540	-559.378	1176.071	1639.982	-403.692	1218.368	1764.106	-296.712	1198.754	1698.786	-291.277	1188.778
282	2.81000	1300.269	-494.218	1412.167	1444.551	-559.405	1176.010	1639.943	-403.743	1218.326	1764.071	-296.676	1198.678	1698.777	-291.312	1188.755
283	2.82000	1300.338	-494.249	1412.153	1444.581	-559.450	1175.880	1639.980	-403.762	1218.296	1763.984	-296.703	1198.597	1698.673	-291.292	1188.742
284	2.83000	1300.373	-494.303	1412.106	1444.669	-559.339	1175.731	1639.970	-403.799	1218.280	1763.969	-296.657	1198.625	1698.616	-291.260	1188.711
285	2.84000	1300.410	-494.354	1412.065	1444.651	-559.335	1175.684	1639.941	-403.788	1218.267	1763.865	-296.661	1198.590	1698.526	-291.301	1188.700
286	2.85000	1300.490	-494.373	1412.043	1444.665	-559.325	1175.660	1639.935	-403.840	1218.232	1763.852	-296.625	1198.593	1698.462	-291.249	1188.699
287	2.86000	1300.550	-494.393	1412.052	1444.679	-559.354	1175.588	1639.918	-403.776	1218.249	1763.801	-296.611	1198.585	1698.419	-291.253	1188.699
288	2.87000	1300.620	-494.439	1412.006	1444.721	-559.289	1175.531	1639.885	-403.796	1218.219	1763.726	-296.540	1198.532	1698.394	-291.233	1188.689
289	2.88000	1300.680	-494.456	1412.023	1444.726	-559.298	1175.521	1639.926	-403.804	1218.195	1763.735	-296.464	1198.537	1698.343	-291.222	1188.722
290	2.89000	1300.756	-494.485	1411.972	1444.776	-559.250	1175.426	1639.961	-403.836	1218.172	1763.728	-296.435	1198.518	1698.289	-291.219	1188.679
291	2.90000	1300.777	-494.491	1411.928	1444.819	-559.209	1175.349	1640.004	-403.802	1218.106	1763.785	-296.409	1198.514	1698.399	-291.194	1188.607
292	2.91000	1300.901	-494.533	1411.931	1444.890	-559.162	1175.303	1640.063	-403.802	1218.064	1763.808	-296.413	1198.424	1698.387	-291.209	1188.525
293	2.92000	1300.988	-494.556	1411.843	1444.907	-559.159	1175.262	1640.140	-403.823	1218.030	1763.851	-296.412	1198.375	1698.431	-291.225	1188.494
294	2.93000	1301.081	-494.520	1411.848	1444.970	-559.053	1175.190	1640.194	-403.798	1217.942	1763.893	-296.431	1198.307	1698.534	-291.273	1188.308
295	2.94000	1301.141	-494.504	1411.791	1445.040	-559.067	1175.080	1640.289	-403.816	1217.869	1763.917	-296.198	1198.151	1698.674	-291.290	1188.136
296	2.95000	1301.248	-494.520	1411.768	1445.063	-559.001	1174.975	1640.385	-403.749	1217.753	1763.961	-296.221	1198.020	1698.920	-291.054	1187.835
297	2.96000	1301.319	-494.508	1411.693	1445.102	-558.922	1174.848	1640.454	-403.753	1217.679	1764.069	-296.238	1197.939	1699.031	-291.058	1187.650
298	2.97000	1301.396	-494.513	1411.685	1445.138	-558.944	1174.823	1640.648	-403.605	1217.520	1764.069	-296.258	1197.772	1699.223	-290.953	1187.465
299	2.98000	1301.499	-494.537	1411.655	1445.164	-558.893	1174.693	1640.717	-403.626	1217.413	1764.187	-296.284	1197.712	1699.305	-290.971	1187.251
300	2.99000	1301.610	-494.516	1411.536	1445.162	-558.846	1174.642	1640.749	-403.625	1217.347	1764.196	-296.270	1197.573	1699.394	-290.979	1187.113
301	3.00000	1301.728	-494.443	1411.584	1445.230	-558.824	1174.576	1640.826	-403.591	1217.210	1764.238	-296.294	1197.385	1699.419	-290.971	1186.971
302	3.01000	1301.809	-494.400	1411.590	1445.247	-558.821	1174.529	1640.892	-403.589	1217.156	1764.287	-296.226	1197.199	1699.563	-290.708	1186.639
303	3.02000	1301.862	-494.420	1411.507	1445.294	-558.755	1174.478	1640.943	-403.599	1217.120	1764.277	-296.224	1196.990	1699.583	-290.699	1186.492
304	3.03000	1301.907	-494.389	1411.519	1445.319	-558.771	1174.488	1640.973	-403.591	1217.053	1764.265	-296.188	1196.799	1699.509	-290.743	1186.344
305	3.04000	1302.008	-494.389	1411.522	1445.362	-558.793	1174.460	1641.048	-403.571	1216.989	1764.295	-296.210	1196.711	1699.477	-290.752	1186.292
306	3.05000	1302.099	-494.309	1411.571	1445.377	-558.811	1174.507	1641.053	-403.599	1216.968	1764.235	-296.283	1196.521	1699.438	-290.801	1186.237
307	3.06000	1302.179	-494.273	1411.580	1445.440	-558.848	1174.503	1641.073	-403.640	1216.959	1764.276	-296.299	1196.474	1699.432	-290.808	1186.236
308	3.07000	1302.263	-494.230	1411.586	1445.461	-558.908	1174.486	1641.104	-403.645	1216.970	1764.250	-296.295	1196.400	1699.418	-290.856	1186.233
309	3.08000	1302.349	-494.202	1411.568	1445.485	-558.932	1174.502	1641.113	-403.727	1216.961	1764.290	-296.296	1196.395	1699.467	-290.890	1186.164
310	3.09000	1302.424	-494.173	1411.582	1445.485	-558.915	1174.525	1641.163	-403.709	1216.970	1764.398	-296.342	1196.407	1699.503	-290.857	1186.069
311	3.10000	1302.428	-494.168	1411.585	1445.494	-558.925	1174.495	1641.210	-403.759	1216.975	1764.444	-296.373	1196.369	1699.491	-291.023	1186.175
312	3.11000	1302.505	-494.117	1411.627	1445.566	-558.939	1174.477	1641.271	-403.808	1216.982	1764.492	-296.429	1196.395	1699.566	-291.052	1186.155
313	3.12000	1302.536	-494.080	1411.679	1445.548	-558.929	1174.544	1641.265	-403.911	1217.042	1764.464	-296.633	1196.260	1699.605	-291.041	1186.122
314	3.13000	1302.606	-494.042	1411.726	1445.638	-558.936	1174.592	1641.382	-403.915	1217.018	1764.547	-296.674	1196.264	1699.792	-291.085	1186.020
315	3.14000	1302.632	-494.029	1411.757	1445.620	-558.961	1174.619	1641.437	-403.970	1217.018	1764.641	-296.759	1196.248	1699.785	-291.205	1186.056
316	3.15000	1302.683	-493.961	1411.786	1445.641	-558.963	1174.668	1641.521	-403.979	1217.012	1764.714	-296.813	1196.150	1699.850	-291.228	1185.978
317	3.16000	1302.756	-493.926	1411.801	1445.669	-558.955	1174.708	1641.580	-404.034	1216.989	1764.789	-296.862	1196.075	1699.963	-291.342	1185.970
318	3.17000	1302.732	-493.900	1411.810	1445.712	-559.002	1174.745	1641.673	-404.072	1217.005	1764.980	-297.107	1196.174	1700.022	-291.343	1185.925
319	3.18000	1302.780	-493.859	1411.798	1445.758	-559.010	1174.721	1641.733	-404.080	1216.968	1765.082	-297.229	1196.107	1700.100	-291.433	1185.865
320	3.19000	1302.813	-493.826	1411.847	1445.785	-559.000	1174.756	1641.805	-404.174	1216.971	1765.162	-297.239	1196.105	1700.219	-291.561	1185.828
321	3.20000	1302.833	-493.752	1411.863	1445.823	-559.004	1174.848	1641.847	-404.193	1216.966	1765.194	-297.331	1196.040	1700.257	-291.617	1185.779
322	3.21000	1302.835	-493.731	1411.881	1445.815	-559.019	1174.864	1641.844	-404.343	1217.062	1765.263	-297.371	1195.993	1700.355	-291.674	1185.695
323	3.22000	1302.849	-493.697	1411.863	1445.789	-559.038	1174.920	1641.876	-404.373	1217.047	1765.272	-297.403	1195.951	1700.358	-291.830	1185.642
324	3.23000	1302.820	-493.681	1411.855	1445.807	-559.061	1174.945	1641.947	-404.433	1217.084	1765.337	-297.409	1195.905	1700.446	-291.895	1185.560
325	3.24000	1302.837	-493.617	1411.881	1445.807	-559.025	1174.991	1641.985	-404.465	1217.057	1765.389	-297.442	1195.914	1700.497	-291.907	1185.518
326	3.25000	1302.848	-493.535	1411.935	1445.801	-559.084	1175.050	1641.924	-404.604	1217.082	1765.410	-297.489	1195.880	1700.509	-292.076	1185.522
327	3.26000	1302.920	-493.392	1411.885	1445.737	-559.070	1175.035	1641.967	-404.639	1217.129	1765.438	-297.559	1195.939	1700.576	-292.090	1185.532
328	3.27000	1302.907	-493.404	1411.903	1445.739	-559.135	1175.061	1641.944	-404.732	1217.189	1765.465	-297.616	1195.930	1699.760	-293.290	1186.480
329	3.28000	1302.946	-493.394	1411.897	1445.790	-559.111	1175.154	1641.953	-404.724	1217.185	1765.445	-297.630	1195.969	1700.586	-292.161	1185.554
330	3.29000	1302.988	-493.377	1411.883	1445.781	-559.135	1175.053	1641.989	-404.747	1217.256	1765.376	-297.637	1195.977	1699.663	-293.457	1186.669
331	3.30000	1303.003	-493.230	1411.870	1445.810	-559.170	1175.137	1641.965	-404.767	1217.303	1765.349	-297.623	1196.049	1699.655	-293.418	1186.728
332	3.31000	1303.041	-493.217	1411.875	1445.785	-559.154	1175.124	1641.980	-404.799	1217.349	1765.277	-297.605	1196.073	1699.657	-293.393	1186.852
333	3.32000	1303.020	-493.222	1411.975	1445.774	-559.127	1175.181	1641.966	-404.857	1217.434	1765.263	-297.607	1196.212	1699.628	-293.327	1186.888
334	3.33000	1303.016	-493.209	1412.005	1445.823	-559.130	1175.150	1642.003	-404.864	1217.533	1765.259	-297.583	1196.287	1699.522	-293.480	1187.112
335	3.34000	1303.050	-493.205	1412.014	1445.837	-559.124	1175.219	1641.987	-404.849	1217.588	1765.201	-297.587	1196.361	1699.569	-293.317	1187.259
336	3.35000	1303.017	-493.164	1412.052	1445.821	-559.068	1175.212	1641.989	-404.813	1217.614	1765.265	-297.552	1196.439	1699.639	-293.250	1187.253
337	3.36000	1303.076	-493.106	1412.047	1445.843	-559.019	1175.214	1642.003	-404.698	1217.569	1765.305	-297.483	1196.399	1699.575	-293.313	1187.354
338	3.37000	1303.100	-493.087	1412.078	1445.844	-558.954	1175.165	1642.102	-404.655	1217.554	1765.339	-297.401	1196.390	1699.691	-293.151	1187.217
339	3.38000	1303.106	-493.083	1412.073	1445.828	-558.917	1175.137	1642.204	-404.465	1217.467	1765.399	-297.376	1196.340	1700.651	-291.804	1186.056
340	3.39000	1303.185	-492.983	1412.027	1445.851	-558.809	1175.072	1642.172	-404.442	1217.388	1765.476	-297.334	1196.297	1700.664	-291.802	1185.997
341	3.40000	1303.125	-493.032	1412.075	1445.847	-558.810	1175.085	1642.198	-404.445	1217.324	1765.483	-297.297	1196.169	1700.740	-291.639	1185.858
342	3.41000	1303.137	-492.928	1412.024	1445.827	-558.709	1175.029	1642.232	-404.291	1217.198	1765.571	-297.297	1196.060	1700.747	-291.631	1185.675
343	3.42000	1303.155	-492.888	1412.020	1445.844	-558.663	1175.026	1642.214	-404.212	1217.056	1765.556	-297.247	1195.857	1700.739	-291.554	1185.648
344	3.43000	1303.140	-492.874	1411.974	1445.790	-558.583	1174.951	1642.308	-404.179	1216.924	1765.498	-297.022	1195.628	1700.651	-291.544	1185.513
345	3.44000	1303.143	-492.848	1411.986	1445.751	-558.557	1174.875	1642.317	-404.108	1216.772	1765.497	-296.928	1195.342	1700.597	-291.559	1185.338
346	3.45000	1303.152	-492.861	1411.955	1445.708	-558.503	1174.829	1642.287	-404.111	1216.653	1765.466	-296.914	1195.205	1700.540	-291.624	1185.200
347	3.46000	1303.194	-492.844	1411.947	1445.598	-558.456	1174.772	1642.207	-404.147	1216.438	1765.521	-296.865	1195.072	1700.509	-291.654	1184.945
348	3.47000	1303.176	-492.812	1411.947	1445.575	-558.405	1174.674	1642.178	-404.139	1216.329	1765.447	-296.898	1194.876	1700.412	-291.691	1184.730
349	3.48000	1303.262	-492.734	1411.868	1445.494	-558.377	1174.604	1642.141	-404.153	1216.210	1765.290	-296.728	1194.564	1700.284	-291.771	1184.561
350	3.49000	1303.305	-492.720	1411.861	1445.439	-558.392	1174.528	1642.056	-404.190	1216.079	1765.127	-296.718	1194.376	1700.110	-291.725	1184.418
351	3.50000	1303.319	-492.713	1411.821	1445.410	-558.432	1174.470	1641.971	-404.197	1215.966	1765.035	-296.655	1194.217	1699.928	-291.829	1184.354
352	3.51000	1303.333	-492.704	1411.806	1445.338	-558.407	1174.481	1641.822	-404.310	1215.932	1764.896	-296.605	1194.061	1699.793	-291.813	1184.278
353	3.52000	1303.351	-492.682	1411.867	1445.300	-558.491	1174.388	1641.690	-404.384	1215.794	1764.736	-296.565	1193.977	1699.616	-291.858	1184.175
354	3.53000	1303.375	-492.650	1411.844	1445.228	-558.551	1174.318	1641.654	-404.413	1215.741	1764.632	-296.515	1193.914	1699.457	-291.908	1184.207
355	3.54000	1303.414	-492.648	1411.816	1445.201	-558.583	1174.260	1641.556	-404.406	1215.711	1764.574	-296.515	1193.857	1699.352	-291.856	1184.200
356	3.55000	1303.416	-492.645	1411.843	1445.181	-558.581	1174.214	1641.523	-404.396	1215.703	1764.457	-296.502	1193.828	1699.238	-291.871	1184.163
357	3.56000	1303.445	-492.608	1411.864	1445.117	-558.644	1174.221	1641.480	-404.420	1215.677	1764.402	-296.510	1193.775	1699.169	-291.862	1184.154
358	3.57000	1303.491	-492.604	1411.827	1445.172	-558.670	1174.247	1641.443	-404.467	1215.612	1764.385	-296.479	1193.763	1699.099	-291.873	1184.121
359	3.58000	1303.443	-492.627	1411.873	1445.163	-558.724	1174.216	1641.412	-404.462	1215.606	1764.203	-296.573	1193.564	1699.056	-291.875	1184.121
360	3.59000	1303.474	-492.634	1411.884	1445.135	-558.734	1174.181	1641.445	-404.508	1215.559	1764.291	-296.489	1193.676	1699.046	-291.884	1184.036
361	3.60000	1303.490	-492.646	1411.935	1445.135	-558.737	1174.182	1641.443	-404.514	1215.562	1764.325	-296.528	1193.638	1699.048	-291.940	1184.076
362	3.61000	1303.562	-492.633	1411.935	1445.100	-558.755	1174.157	1641.457	-404.535	1215.518	1764.232	-296.666	1193.500	1699.098	-291.976	1184.017
363	3.62000	1303.616	-492.640	1411.950	1445.117	-558.805	1174.160	1641.462	-404.586	1215.409	1764.277	-296.664	1193.507	1699.083	-292.027	1184.014
364	3.63000	1303.641	-492.670	1411.967	1445.152	-558.758	1174.113	1641.458	-404.592	1215.376	1764.327	-296.682	1193.498	1699.157	-292.061	1183.996
365	3.64000	1303.684	-492.678	1411.942	1445.131	-558.794	1174.133	1641.527	-404.560	1215.239	1764.349	-296.698	1193.470	1699.227	-292.048	1183.941
366	3.65000	1303.746	-492.672	1411.972	1445.104	-558.820	1174.077	1641.573	-404.513	1215.049	1764.358	-296.652	1193.427	1699.219	-292.135	1183.867
367	3.66000	1303.795	-492.704	1412.001	1445.083	-558.847	1174.009	1641.616	-404.527	1214.912	1764.501	-296.621	1193.533	1699.255	-292.111	1183.701
368	3.67000	1303.851	-492.705	1411.937	1445.079	-558.866	1173.891	1641.655	-404.485	1214.666	1764.468	-296.662	1193.313	1699.293	-292.166	1183.557
369	3.68000	1303.922	-492.723	1411.936	1445.039	-558.848	1173.814	1641.767	-404.410	1214.404	1764.540	-296.708	1193.090	1699.339	-292.125	1183.277
370	3.69000	1304.036	-492.708	1411.936	1445.027	-558.834	1173.636	1641.825	-404.407	1214.058	1764.591	-296.749	1192.718	1699.881	-291.520	1182.133
371	3.70000	1304.114	-492.721	1411.916	1444.994	-558.853	1173.507	1641.894	-404.274	1213.569	1764.599	-296.672	1192.195	1700.058	-291.586	1181.548
372	3.71000	1304.268	-492.740	1411.862	1444.958	-558.845	1173.296	1641.918	-404.509	1212.829	1764.688	-296.673	1192.086	1700.170	-291.653	1181.166
373	3.72000	1304.348	-492.772	1411.829	1444.913	-558.793	1173.043	1641.937	-404.493	1212.324	1764.911	-296.640	1191.220	1700.151	-291.682	1180.746
374	3.73000	1304.489	-492.773	1411.745	1444.875	-558.775	1172.742	1641.991	-404.371	1211.696	1765.155	-296.609	1190.589	1700.114	-291.758	1180.230
375	3.74000	1304.716	-492.742	1411.668	1444.830	-558.689	1172.418	1641.955	-404.226	1210.945	1765.221	-296.534	1189.587	1700.097	-291.896	1179.516
376	3.75000	1304.976	-492.707	1411.598	1444.719	-558.624	1172.049	1642.171	-404.008	1209.880	1765.284	-296.360	1188.576	1700.622	-291.423	1177.879
377	3.76000	1305.133	-492.770	1411.493	1444.607	-558.393	1171.639	1642.226	-404.096	1208.956	1765.327	-296.217	1187.821	1700.606	-291.435	1176.987
378	3.77000	1305.376	-492.828	1411.370	1444.478	-558.177	1171.270	1642.362	-403.812	1207.809	1765.720	-296.027	1186.168	1700.637	-291.739	1175.677
379	3.78000	1305.569	-492.867	1411.278	1444.383	-558.008	1170.748	1642.452	-403.765	1206.408	1765.833	-295.980	1184.556	1701.074	-291.160	1173.877
380	3.79000	1305.799	-492.889	1411.219	1444.295	-557.853	1170.191	1642.658	-403.533	1204.938	1765.885	-295.667	1182.642	1700.989	-291.539	1172.228
381	3.80000	1305.995	-492.937	1411.129	1444.244	-557.654	1169.685	1642.746	-403.214	1203.540	1766.107	-295.475	1180.464	1701.342	-290.986	1170.129
382	3.81000	1306.193	-492.943	1410.995	1444.266	-557.316	1169.097	1643.099	-402.905	1201.560	1766.427	-295.488	1178.514	1701.262	-291.428	1168.300
383	3.82000	1306.473	-493.023	1410.847	1444.177	-556.989	1168.383	1643.350	-402.601	1199.914	1766.539	-295.100	1176.016	1701.781	-290.707	1165.694
384	3.83000	1306.777	-493.005	1410.629	1443.971	-556.770	1167.700	1643.452	-402.550	1197.874	1766.731	-295.018	1173.680	1701.829	-290.582	1163.476
385	3.84000	1307.041	-493.101	1410.299	1443.845	-556.511	1166.923	1643.691	-402.126	1195.765	1766.786	-294.801	1171.605	1701.742	-290.547	1161.303
386	3.85000	1307.371	-493.102	1410.068	1443.781	-556.116	1166.209	1643.878	-402.060	1193.867	1766.533	-294.448	1168.407	1701.859	-290.096	1158.832
387	3.86000	1307.714	-493.118	1409.885	1443.668	-555.919	1165.447	1644.000	-401.986	1191.688	1766.722	-294.472	1165.888	1701.336	-290.364	1156.998
388	3.87000	1308.132	-493.047	1409.524	1443.503	-555.669	1164.660	1644.129	-401.592	1189.636	1766.539	-294.073	1163.142	1701.439	-290.023	1154.138
389	3.88000	1308.510	-493.082	1409.249	1443.301	-555.331	1163.767	1644.266	-401.555	1187.473	1766.520	-293.702	1160.325	1700.510	-290.977	1152.253
390	3.89000	1308.913	-493.112	1408.990	1443.104	-555.045	1162.908	1644.435	-401.461	1185.133	1766.403	-293.887	1157.150	1701.090	-290.072	1148.986
391	3.90000	1309.324	-493.065	1408.715	1442.957	-554.775	1162.082	1644.661	-400.995	1183.001	1766.476	-293.355	1154.680	1701.178	-289.442	1146.377
392	3.91000	1309.672	-493.032	1408.398	1442.778	-554.456	1161.289	1644.790	-400.833	1180.646	1766.350	-293.274	1151.850	1700.648	-289.986	1144.276
393	3.92000	1310.000	-493.049	1408.169	1442.684	-554.006	1160.175	1645.001	-400.803	1178.314	1766.112	-293.264	1148.702	1700.936	-289.447	1141.354
394	3.93000	1310.382	-493.107	1407.932	1442.402	-553.791	1159.383	1645.183	-400.499	1176.216	1766.097	-292.991	1146.220	1701.005	-289.150	1138.507
395	3.94000	1310.821	-493.291	1407.594	1442.230	-553.604	1158.559	1645.211	-400.512	1173.961	1766.206	-292.741	1143.526	1700.570	-289.337	1136.737
396	3.95000	1311.279	-493.293	1407.366	1442.062	-553.346	1157.678	1645.356	-400.463	1171.560	1766.005	-292.913	1140.570	1700.720	-288.987	1133.952
397	3.96000	1311.811	-493.304	1407.074	1441.745	-553.060	1156.953	1645.516	-400.418	1169.534	1766.179	-292.721	1137.921	1699.874	-290.143	1132.419
398	3.97000	1312.334	-493.235	1406.798	1441.648	-552.678	1155.968	1645.535	-400.265	1167.448	1766.139	-292.825	1135.304	1700.478	-289.118	1129.305
399	3.98000	1312.709	-493.188	1406.598	1441.534	-552.424	1155.138	1645.700	-400.157	1165.059	1766.015	-292.626	1132.553	1700.566	-288.735	1126.818
400	3.99000	1313.088	-493.129	1406.385	1441.409	-552.215	1154.304	1645.749	-400.186	1163.171	1765.953	-292.634	1130.043	1700.276	-289.170	1124.742
401	4.00000	1313.475	-493.266	1406.191	1441.228	-552.021	1153.507	1645.878	-399.959	1161.118	1765.836	-292.702	1127.517	1700.096	-289.127	1122.537
402	4.01000	1313.979	-493.224	1406.029	1441.026	-551.700	1152.906	1645.909	-400.067	1159.037	1765.674	-292.542	1125.028	1699.824	-289.236	1120.814
403	4.02000	1314.433	-493.123	1405.773	1440.938	-551.522	1152.251	1646.039	-399.947	1157.388	1765.667	-292.658	1122.717	1699.807	-289.102	1118.386
404	4.03000	1314.843	-493.083	1405.569	1440.868	-551.414	1151.578	1646.251	-399.786	1155.290	1765.610	-292.662	1120.514	1699.573	-289.383	1116.425
405	4.04000	1315.275	-493.191	1405.333	1440.781	-551.333	1150.939	1646.207	-400.002	1153.653	1765.532	-292.678	1118.335	1699.647	-289.071	1114.273
406	4.05000	1315.665	-493.170	1405.184	1440.669	-551.253	1150.386	1646.373	-399.887	1151.784	1765.455	-292.694	1116.117	1699.379	-289.539	1112.389
407	4.06000	1315.994	-493.279	1404.965	1440.672	-551.082	1149.770	1646.443	-399.917	1150.013	1765.282	-292.618	1113.789	1699.554	-289.379	1109.920
408	4.07000	1316.430	-493.258	1404.896	1440.573	-550.916	1149.262	1646.689	-399.856	1148.415	1765.292	-292.755	1111.719	1699.418	-289.424	1108.376
409	4.08000	1316.798	-493.278	1404.784	1440.592	-550.599	1148.658	1646.825	-399.978	1146.773	1765.409	-292.779	1109.833	1698.950	-290.318	1106.774
410	4.09000	1317.254	-493.312	1404.696	1440.597	-550.542	1148.278	1646.946	-399.779	1145.219	1765.415	-292.927	1107.727	1699.325	-289.794	1104.252
411	4.10000	1317.665	-493.405	1404.543	1440.589	-550.529	1147.767	1646.922	-400.102	1143.616	1765.169	-293.010	1105.618	1699.046	-290.254	1103.016
412	4.11000	1318.045	-493.435	1404.469	1440.646	-550.503	1147.177	1647.115	-399.996	1142.191	1765.127	-293.019	1103.838	1699.317	-289.819	1100.695
413	4.12000	1318.496	-493.387	1404.387	1440.670	-550.388	1146.585	1647.082	-400.152	1140.749	1765.241	-293.049	1102.027	1699.110	-290.013	1099.375
414	4.13000	1319.022	-493.431	1404.279	1440.677	-550.488	1146.036	1647.247	-400.029	1139.248	1765.089	-293.088	1100.270	1698.804	-290.549	1097.833
415	4.14000	1319.564	-493.478	1404.238	1440.615	-550.506	1145.679	1647.254	-400.155	1137.842	1764.862	-293.131	1098.412	1699.046	-289.969	1095.930
416	4.15000	1320.080	-493.539	1404.167	1440.638	-550.441	1145.250	1647.315	-400.048	1136.325	1764.908	-293.327	1096.707	1698.553	-290.701	1094.536
417	4.16000	1320.503	-493.564	1404.103	1440.657	-550.498	1144.699	1647.348	-399.968	1134.833	1764.881	-293.230	1094.880	1698.895	-289.908	1092.427
418	4.17000	1321.012	-493.633	1404.044	1440.781	-550.270	1144.027	1647.359	-399.990	1133.297	1764.697	-293.049	1092.974	1698.764	-290.210	1090.658
419	4.18000	1321.623	-493.654	1403.928	1440.840	-550.121	1143.466	1647.511	-399.722	1131.853	1764.653	-293.084	1090.989	1698.765	-290.036	1088.467
420	4.19000	1322.209	-493.608	1403.850	1440.880	-549.975	1142.865	1647.449	-399.806	1130.008	1764.558	-292.901	1089.039	1698.560	-290.161	1086.783
421	4.20000	1322.767	-493.478	1403.646	1440.989	-549.834	1142.354	1647.540	-399.506	1128.343	1764.478	-292.809	1086.774	1698.201	-290.604	1084.901
422	4.21000	1323.275	-493.436	1403.456	1441.086	-549.712	1141.898	1647.759	-399.323	1126.478	1764.311	-292.553	1084.572	1698.388	-289.931	1082.665
423	4.22000	1323.840	-493.471	1403.327	1441.209	-549.452	1141.379	1647.994	-398.915	1124.770	1764.401	-292.195	1082.336	1698.077	-290.154	1080.668
424	4.23000	1324.333	-493.579	1403.179	1441.367	-549.233	1140.834	1648.028	-398.873	1122.776	1764.399	-291.865	1080.048	1698.108	-289.885	1078.161
425	4.24000	1324.992	-493.497	1402.956	1441.537	-549.011	1140.254	1648.151	-398.447	1120.819	1764.328	-291.492	1077.737	1698.192	-289.274	1075.815
426	4.25000	1325.623	-493.428	1402.712	1441.778	-548.740	1139.619	1648.317	-398.314	1118.932	1764.187	-291.337	1075.260	1697.882	-289.522	1073.659
427	4.26000	1326.158	-493.294	1402.437	1441.968	-548.339	1138.946	1648.467	-398.150	1116.753	1763.987	-291.073	1072.483	1697.924	-289.124	1070.826
428	4.27000	1326.820	-493.265	1402.308	1442.136	-548.147	1138.352	1648.609	-397.559	1114.766	1763.803	-290.715	1069.781	1697.963	-288.605	1068.204
429	4.28000	1327.517	-493.229	1402.090	1442.419	-547.605	1137.642	1648.673	-397.419	1112.632	1763.881	-290.640	1067.271	1697.493	-288.903	1066.076
430	4.29000	1328.137	-493.142	1401.817	1442.658	-547.235	1136.894	1648.937	-396.852	1110.511	1763.587	-290.247	1064.424	1697.635	-288.443	1063.218
431	4.30000	1328.677	-493.055	1401.640	1442.887	-546.802	1136.368	1649.035	-396.521	1108.164	1763.775	-290.070	1061.674	1697.659	-288.081	1060.351
432	4.31000	1329.366	-492.946	1401.405	1443.107	-546.306	1135.708	1649.190	-396.195	1106.048	1763.685	-289.641	1058.984	1697.452	-288.096	1058.252
433	4.32000	1330.073	-492.927	1401.209	1443.389	-545.758	1135.030	1649.369	-395.816	1103.759	1763.717	-289.131	1056.233	1697.384	-287.722	1055.406
434	4.33000	1330.744	-492.815	1400.976	1443.534	-545.387	1134.569	1649.406	-395.704	1101.388	1763.707	-288.943	1053.395	1697.594	-287.272	1052.226
435	4.34000	1331.397	-492.627	1400.650	1443.931	-544.694	1133.801	1649.680	-395.038	1099.201	1763.533	-288.558	1050.340	1697.417	-287.230	1049.460
436	4.35000	1332.137	-492.492	1400.373	1444.178	-544.288	1133.061	1649.997	-394.593	1096.555	1763.599	-288.361	1047.560	1697.379	-287.031	1046.802
437	4.36000	1332.856	-492.403	1400.107	1444.423	-543.877	1132.335	1650.110	-394.236	1094.053	1763.513	-288.150	1044.460	1697.396	-286.604	1043.937
438	4.37000	1333.639	-492.314	1399.955	1444.762	-543.258	1131.558	1650.254	-393.794	1091.835	1763.400	-287.871	1041.455	1697.408	-286.336	1040.932
